{
	"columns": [
		{"name": "address", "caption": "Address", "type": "string"},
		{"name": "broker", "caption": "Broker", "type": "string"},
		{"name": "city", "caption": "City", "type": "string"},
		{"name": "lat", "caption": "Latitude", "type": "number"},
		{"name": "long", "caption": "Longitude", "type": "number"},
		{"name": "price", "caption": "Price", "type": "number"},
		{"name": "salesagent", "caption": "Sales Agent", "type": "string"},
		{"name": "state", "caption": "State", "type": "string"},
		{"name": "title", "caption": "Title", "type": "string"},
		{"name": "zipcode", "caption": "Zip Code", "type": "string"},
		{"name": "census-province", "caption": "Census Province", "type": "string", "display": "[<census-data>jsonget[0],[prov_name_en],[0]]"},
		{"name": "census-division", "caption": "Census Division", "type": "string", "display": "[<census-data>jsonget[0],[cd_name_en],[0]]"},
		{"name": "census-subdivision", "caption": "Census Subdivision", "type": "string", "display": "[<census-data>jsonget[0],[csd_name_en],[0]]"},
		{"name": "nearest-volcano", "caption": "Nearest Volcano", "type": "string", "display": "[{$:/geospatialdemo/features/harvard-volcanoes-of-the-world}geonearestpoint<coords>]"}
	],
	"variables": {
		"coords": "[<rowTiddler>] :map[geopoint{!!long},{!!lat}]",
		"census-data": "[<rowTiddler>] :map[geopoint{!!long},{!!lat}geolookup{$:/geospatialdemo/features/canada-census-subdivision-millesime}]"
	}
}
